Gene,SVM_Mean_Abs_SHAP,SVM_Rank
ABCC3,0.11614853135302826,1
KLF4,0.10590160307435426,2
PIP5K1B,0.10583336705653107,3
IKZF1,0.10026595927438245,4
EDNRA,0.09708354992256027,5
PDGFC,0.09644210258059328,6
SERPINE1,0.09531287004037149,7
ST8SIA6,0.09205064049028981,8
ARHGAP18,0.09028131213160266,9
SNTG2,0.0885649892200073,10
FLI1,0.08762246059846172,11
ANO2,0.08615175618767584,12
FLT1,0.08585803914686287,13
PRAG1,0.08344564499344377,14
SLC39A8,0.08277168378022062,15
TNFAIP3,0.08238173129689293,16
ROR2,0.07845584795398153,17
NPSR1,0.07813144051891868,18
NOS1,0.077542555640169,19
FAM20A,0.07719332888695186,20
SCN9A,0.07609550631690896,21
ACSM3,0.07555545568664755,22
ADAMTS6,0.07549600086342718,23
NR2F2,0.07549341042839638,24
CLEC2B,0.07509579802222108,25
NPY,0.07341604620773273,26
PAH,0.07288530961225165,27
GPC3,0.07276253562630552,28
KLHL13,0.07260767743665233,29
TFEC,0.072591058078066,30
PTGER3,0.07249145472723974,31
GFAP,0.07135792341630336,32
ANTXR2,0.07059225269939907,33
NEDD4,0.06980190878660583,34
CCL3,0.06900300295576163,35
SLC17A8,0.06872914541687623,36
MT-ND5,0.06870452959542539,37
CA3,0.06845159316885385,38
RGS16,0.06824522559009664,39
CD180,0.06798074107525691,40
FGF10,0.06768369558785853,41
GRM8,0.06763090489942608,42
RGS20,0.06751400179703936,43
ADCY8,0.06746880434740274,44
LGR5,0.06661676080280673,45
SGCD,0.06640258125923605,46
RSPO3,0.06569424811429941,47
TACR3,0.06543656489208578,48
ACER2,0.06528904946415737,49
CD247,0.06501822976846579,50
VIPR2,0.06477523869741347,51
PLAT,0.06467222882982852,52
TFRC,0.06427072123743405,53
ALCAM,0.0638677581324079,54
ADGRV1,0.06359555963331857,55
COLEC12,0.06347426852611035,56
COL14A1,0.06333557736160293,57
S100A10,0.06299085811452713,58
TGFBR1,0.06295783024949843,59
NDST4,0.062899658406712,60
MCOLN3,0.06240438382616187,61
TPD52L1,0.06237441951639082,62
LIPC,0.06224770536407237,63
MED7,0.06124708507857645,64
BTNL9,0.060404970707739945,65
GALR1,0.06016767972236999,66
SLIT3,0.05927944523419398,67
ITGB8,0.05893041589561515,68
LPAR1,0.05842560852491406,69
PRKCQ,0.05815389026725592,70
RFC3,0.05792437595456279,71
COL12A1,0.05754685189001512,72
MAN1C1,0.05732918885651603,73
CPS1,0.057315499268442524,74
RNF144B,0.05724320994477975,75
PLPP3,0.05702855074609106,76
SLC6A20,0.05670936248268996,77
GNA14,0.05656528019504274,78
SLC30A8,0.056538384283322404,79
NOX4,0.05647345057598105,80
DPYS,0.05622648765035773,81
TGFBR3,0.05574949876926704,82
PMEPA1,0.055668872315802906,83
CDKN1C,0.05533866658825735,84
CHRM5,0.055283524490826894,85
EGLN3,0.05524208437275202,86
ITGA11,0.055025858150151714,87
FBN2,0.05489058777764718,88
MME,0.054558360891919074,89
CDC14A,0.05441875414060997,90
HS3ST3B1,0.05429546589203193,91
GLDC,0.05427499404960954,92
RASGRF2,0.054213357859233285,93
ABCA6,0.053836208065250336,94
P4HA1,0.05360363564337958,95
ADAMTS4,0.05310280824737663,96
PRLR,0.052955199699484284,97
ACVR1C,0.05236136603595521,98
PPP1R15A,0.052356279156963434,99
MT-CO3,0.05220638232977408,100
ADAMTS2,0.052187451902382505,101
FBXL7,0.05217993199249829,102
NHS,0.05198586986522347,103
GEM,0.051707304866575064,104
COL8A1,0.051398160747323555,105
AGBL1,0.051287475692233214,106
MEPE,0.051190841729430545,107
SYNE2,0.051038108777401336,108
ANOS1,0.05100492219227131,109
PRSS23,0.050834869289630186,110
MSMO1,0.05079487460071185,111
COL4A1,0.05055695842515764,112
CP,0.0504577718082969,113
MAOB,0.049824737595127906,114
GHR,0.049823840634983074,115
RDH10,0.04932073762366674,116
ATP8B4,0.04931409823984039,117
CR1,0.049067401077332054,118
RAD51B,0.04878358837605893,119
KIRREL1,0.04876450013739381,120
CDH19,0.048630853493021514,121
VEGFC,0.04851988166132364,122
TGFBR2,0.04847113574532831,123
PDK4,0.04842487422397926,124
TRPC3,0.04813815057464661,125
CD36,0.04782224760107898,126
CCL4,0.04779427385895631,127
SRGN,0.04770931666779689,128
PHACTR2,0.047653428300644396,129
CHI3L1,0.04751883968400943,130
SLC13A4,0.04739871446971293,131
SAT1,0.04739518860225623,132
CA13,0.04648260321977352,133
CSGALNACT1,0.046373632202244774,134
ESR2,0.046341990663329606,135
PTPN20,0.046122296464081614,136
CYP39A1,0.046101399944470906,137
ST6GAL2,0.04593982285590292,138
PAPSS2,0.04588512470539787,139
TP63,0.04544352856337812,140
MT-CO2,0.04533752501398182,141
GREM2,0.04520582894076113,142
BAG3,0.045190382497334085,143
PTGS2,0.04488212623539138,144
PROS1,0.04484881292158754,145
MT-ATP6,0.0445974975655519,146
CCL2,0.044414044316022125,147
UST,0.04441295616151605,148
OR3A2,0.04425824208500251,149
NRG1,0.0439728009984168,150
TNFAIP8L3,0.04384306733601531,151
GPR39,0.04381008676220811,152
ABCB1,0.043713207701670954,153
DPF3,0.0436876288416154,154
SDC2,0.0436046056695882,155
UBB,0.04351360553181008,156
CALB1,0.043414132951366785,157
OR51E2,0.04332597154768147,158
SLC24A3,0.043298733510358525,159
RNLS,0.04291334115552223,160
HSPA1B,0.04266009892520225,161
LTF,0.04253898887352059,162
NRP2,0.04250671437205683,163
RIPOR2,0.04245963327302294,164
TTN,0.04225457644283554,165
KIF6,0.041847397384671865,166
POU3F1,0.041767115864425546,167
LRRC1,0.041748255596728664,168
PSMA1,0.041386114702344316,169
KIF14,0.04096666268769961,170
ADAMTS1,0.04083497942139878,171
MAN2A1,0.040809456260981654,172
GRM7,0.04074870518459211,173
LOXL2,0.04061821263271798,174
EPHA3,0.0405392539598294,175
SDK1,0.040331678728146976,176
NNMT,0.040251403420186446,177
THBS2,0.04010927163891549,178
ATP11C,0.03966602342359289,179
HSPA8,0.03962375608265323,180
PAPPA,0.03951185502735713,181
PENK,0.039263006114080526,182
MCUB,0.0391397003111084,183
GBP1,0.0390790540354724,184
CKB,0.03900601532436929,185
KCNE4,0.038954077963512364,186
GRIK1,0.03889133618333045,187
PDE7B,0.03876885933128764,188
ACSBG1,0.03868055970659493,189
PLIN2,0.03856487162983256,190
ADAM12,0.03854946714968844,191
JUN,0.03846066123731213,192
ST6GAL1,0.03845694785497769,193
XRCC4,0.03837267125462952,194
EYA2,0.03834137273615803,195
DSCAML1,0.03817948878886643,196
KCNH1,0.03802201645605592,197
ADAM33,0.03799798593749309,198
PLA2G4A,0.03797044699526529,199
LMOD1,0.03786355188074154,200
GPAT3,0.03769662426294639,201
PLPP1,0.03763860393395301,202
GNG4,0.03756962692407459,203
ERBB4,0.037484992982976514,204
SLC7A5,0.03748302976934891,205
B3GLCT,0.037385379203794644,206
ADRA1B,0.03735559868440988,207
ADH1B,0.037338173496642695,208
CH25H,0.037278199795877175,209
USH1C,0.037206104784877805,210
KCNAB1,0.037082960542973276,211
CYP7B1,0.03692316176988401,212
EEPD1,0.03687266566720572,213
HTR4,0.03686715965726599,214
CCNG2,0.03672248712774177,215
F13A1,0.03652410872532339,216
CXCL2,0.03647795843257816,217
SLC1A2,0.03616660640680969,218
EGF,0.036162865916423655,219
TRPC5,0.0361080947332422,220
PLD1,0.03604506568432779,221
PRKG1,0.03576061460463399,222
GLYATL2,0.03570325404302717,223
CST3,0.035602226556724785,224
HRH1,0.035573496887391934,225
MYBPC1,0.035378539459775434,226
HS3ST5,0.03519483207894911,227
ATP8B1,0.03516238054661766,228
ID3,0.035000476926231434,229
MAPK4,0.03496271540685535,230
HS3ST3A1,0.03496203760890546,231
HTR2C,0.03494364404691356,232
DCN,0.03488392926502103,233
ZFP36,0.034874219940120944,234
PDGFD,0.03483978560498484,235
CDH23,0.034833053579886204,236
ADAMTS19,0.03481095524328943,237
IL7R,0.03472689143904674,238
FBXO32,0.034708211505464465,239
RSAD2,0.03457421904456785,240
MID1,0.03454571778786668,241
IGFBP3,0.03449475705219078,242
HILPDA,0.034203201898143624,243
KLRF1,0.034021786176319846,244
ZNF331,0.033831119507557524,245
PVALB,0.033826458733779326,246
CAMK2D,0.03377933702818163,247
RND3,0.033722300232416735,248
ABCB11,0.03369593688270505,249
MYOCD,0.033543117526016505,250
MGAM,0.033454267272192785,251
HSP90AA1,0.03333231921252254,252
COL22A1,0.033303709853229765,253
TUBB2A,0.03314351449433927,254
SOX4,0.03305353678607285,255
BRIP1,0.03285785074933183,256
CRLF2,0.03285626763780423,257
ME1,0.03283012095634502,258
COL6A3,0.03277817123147898,259
CXCL1,0.03271541658761734,260
NCALD,0.03267798940077357,261
LYZ,0.03264948576913706,262
ROBO1,0.032407889698888546,263
CD44,0.03231587640142093,264
PLA2R1,0.03228262888986922,265
RUNX1,0.03192529132152682,266
THSD7A,0.03191230654946798,267
ANGPTL4,0.0317968919203215,268
MAP2K6,0.03171612050852442,269
GNB4,0.03166318615207552,270
CDON,0.031662931398059015,271
PRKAG2,0.03159109895181595,272
KCNS3,0.03151337656682456,273
ONECUT1,0.031488683213340925,274
APBB1IP,0.031136668477877657,275
MYLK,0.03111893553974008,276
RGS1,0.03110909246347477,277
OSBPL3,0.03095619187757998,278
CENPP,0.030954451822329802,279
IL12RB2,0.030921089976240466,280
KANK1,0.030878339348158666,281
ADGRG6,0.03085953397453104,282
ROR1,0.030805013246776557,283
PDYN,0.03074119423070854,284
SLC16A10,0.030652424059967584,285
COL5A2,0.030608868502683295,286
GALNT10,0.03054639894862558,287
PCDH15,0.030512979382357978,288
CABLES1,0.030420017158914823,289
RGS5,0.030397325202768617,290
ABCC4,0.030353234199354606,291
PPARG,0.03011258053589869,292
PTN,0.03007222953891496,293
QRFPR,0.0300496492424598,294
CXCL13,0.029919973506809906,295
EDA,0.0298533576133627,296
ADAMTS3,0.029815075780617886,297
ITGA6,0.029699042295649927,298
PRKCH,0.029599941043386212,299
KCNIP1,0.029470681826051226,300
LEF1,0.02940174535448861,301
EPM2A,0.029364656625427043,302
DENND2A,0.029270160674414337,303
DAB1,0.02915551010002213,304
SPARC,0.029145928950654737,305
SYT10,0.028802618214387888,306
ST8SIA4,0.02877849471003997,307
SLC14A2,0.02875805533278987,308
FILIP1,0.02867738521971247,309
MAMLD1,0.02865756601828775,310
FAR2,0.02863279807264425,311
ST6GALNAC3,0.02860765877710408,312
CD163,0.02859758178265653,313
SPOCK3,0.028548320839304645,314
TDO2,0.02849642299315251,315
AURKB,0.02838066986210044,316
UTY,0.02832958892439513,317
CRH,0.02809195588212243,318
KMO,0.028033790901773877,319
ALDH1A1,0.027971281105701597,320
GAPDH,0.027868260751283725,321
MT-CYB,0.027805921976913325,322
ATF3,0.027804407047801342,323
PRKD1,0.027801183839740888,324
ARHGEF28,0.02768578731112727,325
DHFR,0.02768421303268856,326
KLRD1,0.02764091191392355,327
MYO5B,0.02763643442144569,328
ADM,0.027590882099487426,329
BUB1,0.02756998122827972,330
ARC,0.027467630841284937,331
DUSP2,0.02735080256019141,332
SLC26A7,0.02723557092680854,333
CDH8,0.02723535788690048,334
ZC3HAV1,0.027230751415526642,335
KLRC1,0.02721438012840422,336
KITLG,0.027195372940613995,337
FSHR,0.027096827997280675,338
UTRN,0.02706732169877587,339
CALCA,0.027033008546747006,340
NPNT,0.02702788058745433,341
TPK1,0.026828986277490027,342
TOP2A,0.026794516747871835,343
HGF,0.02672018931656983,344
SSTR2,0.026717491935885813,345
ELAVL2,0.026614653665817434,346
HSPA5,0.026612880740665017,347
CFH,0.02652719741151766,348
SPON1,0.026508648665218734,349
COL15A1,0.026368886225937378,350
NRP1,0.026286900774948205,351
EXT1,0.02621811433046278,352
GRIK3,0.02621175516978693,353
PDE1A,0.026209797212672525,354
WWTR1,0.026192003559556285,355
NFIB,0.026125520705600525,356
CDH18,0.026005676140072195,357
SCG2,0.026005063576898763,358
MT-ND1,0.025972922374452184,359
ANO3,0.02593789961168831,360
CLIC5,0.025898774730585175,361
NR6A1,0.025859339500908025,362
ITGA9,0.02541722410076747,363
JAML,0.02538292038789828,364
EPHB1,0.02531614645928891,365
DUSP5,0.025290965119201717,366
CLU,0.025122539638085747,367
CLDN16,0.02506264102621259,368
DKK2,0.024905518761824053,369
ITGBL1,0.024861942301504073,370
TUBA1B,0.024843654881083935,371
PARD3,0.024808053511382856,372
UBC,0.024760884411462004,373
HSPH1,0.0247194464442188,374
STAT4,0.02459516729969905,375
CRADD,0.024446932920369605,376
BCL2,0.024296413403020578,377
NOX5,0.024218831215837792,378
NR4A3,0.024101245059561356,379
MAML2,0.024058037131819372,380
TNIP3,0.02397854932717776,381
CA2,0.023950160944355037,382
PIK3C2G,0.023783455508229932,383
ACTG1,0.023768063430298095,384
IGFBP5,0.023766131987016794,385
FLRT2,0.023655733760693978,386
EBF2,0.02365306372638478,387
ANGPT1,0.02362614849942085,388
DOK5,0.023622178492943537,389
ACTN2,0.023612072194836353,390
MT1E,0.023587712498506185,391
NLGN4Y,0.023522651066777388,392
ARHGAP10,0.023517658610199978,393
HSD11B1,0.023482403181547932,394
ANXA1,0.023439659966245103,395
MSR1,0.023413505384778967,396
HMOX1,0.02339821850073571,397
G0S2,0.023395928765127486,398
NFATC2,0.023371924856554316,399
ANK1,0.023327599037159613,400
ARHGAP25,0.02329836202530077,401
VIM,0.02319809476943753,402
ABHD3,0.02313913061046572,403
BMPR1B,0.02308241973465016,404
KCNMB4,0.022986385099776425,405
LTBP1,0.022970314339160015,406
RGS12,0.022967918646144826,407
DSCAM,0.02287223861798646,408
ADRA1A,0.022865306266428315,409
RBFOX1,0.02281124981208487,410
SLC8A3,0.02279796041276784,411
ELOVL5,0.02274994530108727,412
B3GALT5,0.02269718669993469,413
VIP,0.022667401506243638,414
NTN4,0.022603713941935184,415
LGR4,0.0225985319629428,416
VEGFA,0.02256927178721731,417
SLC26A4,0.022568585299121362,418
TAC1,0.022542357874940765,419
EPSTI1,0.022376461154738358,420
PDE1C,0.022290286598184383,421
CCDC88C,0.02224535821462912,422
SLC7A2,0.022224862702180093,423
GPX3,0.0222231657884671,424
LY96,0.022200849662594377,425
MYL9,0.022103937459545996,426
COLEC10,0.022047385668503137,427
HSPB1,0.02203758466698375,428
FNBP1L,0.022014121005535833,429
TNFRSF11B,0.02197864927769422,430
FRK,0.021933117695933913,431
PCSK6,0.021914669566472596,432
LGR6,0.021892902450805666,433
RRAD,0.021817501434064954,434
GRIN3A,0.02181108745936654,435
KCNIP4,0.02177682662154139,436
TWIST2,0.02175018708859244,437
UNC5C,0.021735823855881305,438
CDKN2A,0.021705490342896434,439
IFI6,0.021467397959602754,440
SEMA3E,0.021444774153703335,441
PPP1R3C,0.02143018134129873,442
GABRR3,0.021406515402852728,443
ACTB,0.02135309297598623,444
FOXO1,0.021327867060909948,445
LBP,0.021214255773392424,446
NEURL1B,0.021175311730638226,447
MT1X,0.021170504534989,448
CDH6,0.021139854047735405,449
TIMP1,0.021138852637891756,450
P2RY14,0.02112452239334701,451
COL21A1,0.021096629973110907,452
TLL1,0.021066552288568068,453
ANGPT2,0.02105298071718612,454
ABCB4,0.02091847707944273,455
DTNA,0.020899205646385643,456
NR4A2,0.020814295809461984,457
EGR1,0.020784676678344268,458
LGALS1,0.020772077729696303,459
RND1,0.02070466159276331,460
LIPG,0.02063933174911613,461
LAMA2,0.020524132323524433,462
NMNAT3,0.02035852427312455,463
SGCG,0.020357415497137234,464
IGFBP2,0.0203548388319447,465
FGFR1,0.020332368745170568,466
CALCR,0.02032346209987712,467
SST,0.020258376935653865,468
BDNF,0.02016333490884978,469
GLUL,0.020127659743644846,470
PREX2,0.020125980999018633,471
IGF1,0.020062940795014236,472
ELOVL7,0.020056445891700515,473
ST3GAL6,0.020045990066673864,474
SMYD1,0.0200456428724788,475
ALK,0.01995278615217056,476
NPFFR2,0.019937628083060134,477
ARHGAP15,0.01993178797578654,478
RYR3,0.019901103170358654,479
ESR1,0.019843406833265975,480
GRIK4,0.019768218131732213,481
KIT,0.019585792392363955,482
TEX15,0.019546053547992458,483
TFPI,0.01950148294389773,484
CACNB4,0.01948363059055881,485
TXK,0.019456840603846448,486
OPRM1,0.019442230650015584,487
RORA,0.01941627992838676,488
CXCL8,0.019395854126023467,489
NR4A1,0.019383649507676577,490
ANO4,0.01937139161906331,491
DOCK5,0.019150842926399323,492
TRDN,0.018990099953461508,493
LRAT,0.018769572827513285,494
NEFL,0.01876046050715917,495
SLC38A1,0.01868376335591331,496
SPP1,0.018564192020782647,497
MET,0.01855355326364939,498
STEAP4,0.01848086091982306,499
ZNF521,0.01842098559475443,500
PLPPR1,0.018394086398284767,501
ARHGAP24,0.018269676379586368,502
TRIM5,0.01826471648151612,503
FST,0.018230056307273354,504
FOXP2,0.018194635866467267,505
S100A9,0.01816275863582144,506
CDKN1A,0.018135015605103794,507
PLPP4,0.018110173440318022,508
PTGDR,0.018107058013202268,509
COL4A4,0.01810051435429047,510
MPP7,0.018080316757323182,511
SORCS3,0.018031128061722128,512
VGF,0.01800259037786098,513
CORIN,0.01790383763928202,514
SCN7A,0.017892755537321184,515
WLS,0.017831931269468394,516
LAMA4,0.017828292321133764,517
TNC,0.017790268548785976,518
SLIT2,0.017603789916774918,519
ARHGAP31,0.017493216152614705,520
MT-ND4L,0.01744945141499219,521
AR,0.017368439282027897,522
TXNIP,0.017337142722871766,523
SLC4A4,0.017311480244188646,524
B3GAT2,0.01729458550513197,525
KHDRBS3,0.01728220947088578,526
EFEMP1,0.017260687280191627,527
PTPRC,0.017243313457248565,528
SYT9,0.017212763075139307,529
DNAJB1,0.01720436717693558,530
NRGN,0.017139781635537046,531
HSPD1,0.017045545442045555,532
ETS1,0.0170112497032036,533
VCAN,0.016969051425157818,534
MAN1A1,0.016939674000245517,535
MARCO,0.016930513443705244,536
ARSJ,0.01689444130279795,537
MS4A3,0.016890194692527075,538
DOCK8,0.01683676523404468,539
PDE3A,0.016783710747731856,540
TGFB2,0.01677115943172964,541
GLP2R,0.016743054121142208,542
CNTN6,0.01668485739158931,543
CPNE8,0.016503661278800253,544
DES,0.016467323685339864,545
RSPO2,0.01640167719161524,546
CHST11,0.016305262368440456,547
UAP1,0.01627899533328121,548
RAB27B,0.01619913960905753,549
FANCC,0.01610728773256006,550
FKBP5,0.01610516750522836,551
IFIT2,0.016012163525752424,552
VCAM1,0.015975683095830563,553
AGMO,0.015852852832530597,554
PTPRK,0.015769822875608002,555
RGCC,0.015740410287597872,556
RGS4,0.015725970466301854,557
SNCA,0.015643807060207626,558
SCN10A,0.015591124039457187,559
PELI2,0.015574408493484328,560
ZFHX3,0.015552257332754527,561
MGAT4C,0.015524631479705491,562
GBP2,0.015501521653047412,563
GRM4,0.015482006492678042,564
ADAMTS17,0.015453122597587212,565
SLC2A9,0.015429339549073766,566
NDUFA4,0.015424239330321561,567
MYH11,0.015325610021254385,568
EDIL3,0.015263135103682506,569
PTPN13,0.015261246115592727,570
FGF1,0.015242418290660092,571
STARD13,0.015153073565218085,572
SERPINE2,0.015107538969054934,573
ARHGAP42,0.015088655675973622,574
GAS2,0.014979047193053324,575
EBF1,0.014905560443061525,576
CHST9,0.014903394821382709,577
SLC5A8,0.01488158546551711,578
MYRIP,0.014874878267150197,579
HPSE2,0.014844966421237789,580
TLE4,0.014651131326415507,581
MT1G,0.014641396173776267,582
TPST1,0.014557398440441004,583
KIRREL3,0.014481710829903497,584
PCK1,0.014456446420012314,585
KIF26B,0.014454231872061032,586
SYN3,0.014399942830141598,587
CLDN1,0.014304410921340022,588
RAB31,0.014293817573139527,589
APOE,0.014221170416831012,590
HOMER1,0.01422104664688111,591
GRIA4,0.014113522029106044,592
RYR2,0.014110483073734205,593
GPC6,0.014035347439943141,594
TIMP3,0.013930623542641301,595
TNFAIP8,0.013923243745400495,596
MRC1,0.013904484165807673,597
ALDH1L1,0.013882075160542576,598
EPS8,0.013817135243186616,599
TWIST1,0.013810756459439999,600
RPL41,0.013797791754717435,601
IL15,0.01365559642337858,602
CALCRL,0.013652269550615386,603
GUCY1A1,0.013601948067320502,604
JAM2,0.013601675036291975,605
RUNX2,0.01352875520918173,606
PDE10A,0.013508763303169703,607
TLR2,0.01348839530614595,608
LHFPL2,0.013463458697502527,609
PTH2R,0.013324685170459519,610
ITGA4,0.013303821735040454,611
COL25A1,0.013239274320196536,612
CACNB2,0.013230341507827542,613
IL1B,0.013205629056297364,614
JUNB,0.01317275904571074,615
ACKR1,0.013139803708861392,616
DNAJA1,0.013096616014349595,617
TRPM3,0.013073544944922655,618
TFAP2B,0.01302134755184945,619
GRIA1,0.012928920278836901,620
MTERF1,0.012926769415410874,621
CD38,0.012888961709252815,622
COL4A2,0.012839145652979115,623
BCAS2,0.012814621775522278,624
EFNA5,0.012776937196255543,625
ADAMTSL3,0.012776178476375988,626
CRHBP,0.01276447035769496,627
ADAMTS16,0.012726809498815857,628
PLEKHG4B,0.012725685212655513,629
PKP2,0.01272053483372653,630
PLBD1,0.012711258359543733,631
GRM1,0.012636277633641535,632
NR5A2,0.012626627895442364,633
CYP19A1,0.012612847233693825,634
S100A8,0.012594492379855538,635
PAPPA2,0.012563240444894291,636
ARHGEF3,0.012551047963345703,637
PPARGC1A,0.012469981308841752,638
CXCL3,0.012384695451745982,639
HES1,0.012375768462077733,640
GOLIM4,0.012343010630850413,641
SDK2,0.012301938872879174,642
BCHE,0.01226521056462109,643
CEMIP,0.01225142972866878,644
MT1H,0.012207967637048756,645
PGAP1,0.012186525516503661,646
TMSB4X,0.012168957740006422,647
TACR1,0.01205854431810231,648
DLC1,0.012030223511674513,649
UNC5D,0.011987000723942992,650
INPP4B,0.011932248245156813,651
IQGAP2,0.011913939338222497,652
EPHA7,0.011900367105733067,653
CHRM2,0.011787116277344406,654
KCNH7,0.011773709041535409,655
KCND2,0.011723183726227255,656
ZIC2,0.011720131920055811,657
PMAIP1,0.011684865258360141,658
CYSLTR1,0.011670673183616009,659
PELI1,0.011661818926141376,660
MND1,0.011647313020759957,661
ADAMTSL1,0.01157264074746941,662
FCN1,0.01155954197480742,663
IFI44L,0.01145953468455115,664
CTNNA2,0.011432618183354396,665
F5,0.011423325698265733,666
INHBA,0.011384302624360182,667
CDH7,0.011382151849050367,668
LAMA3,0.011374751882071286,669
ADAMTS18,0.01137269717251504,670
PLCE1,0.011208408506427348,671
DPH6,0.01110302134965436,672
CHSY3,0.010988797255386002,673
CDH13,0.010968703899636103,674
KCNMA1,0.01093139806668903,675
RIMS1,0.010899775423716401,676
SLPI,0.010847436208390416,677
TUBA1A,0.010829592973694143,678
SLC8A1,0.010700887381408819,679
ATP6V0D2,0.010696600000395082,680
HBB,0.01067968027433116,681
RAB3B,0.010679431797236709,682
JCHAIN,0.010666194969565545,683
ESRRG,0.010657783337868326,684
CAMKMT,0.010588035590171884,685
CDH4,0.010553758593658336,686
MMRN1,0.010485329702432782,687
SFRP1,0.010485275800952265,688
SOX6,0.010433153126733524,689
GRK7,0.01041500939425514,690
PLCH1,0.010393956124320815,691
ADAMTS9,0.010354546486801173,692
BLK,0.01034768802068469,693
ATP10A,0.010333832932354185,694
PCSK5,0.010319946444642252,695
INSIG1,0.010287684973396006,696
TMOD3,0.010259842486583633,697
MATN1,0.010242337214507319,698
LPL,0.010182893558408897,699
EGR4,0.010136155835043115,700
SEMA3A,0.010033172373826716,701
DCSTAMP,0.010030051117624264,702
CENPF,0.01001158814235183,703
FGFR2,0.009961384114724834,704
KCNK2,0.009856369679400605,705
CLDN5,0.009795510986663215,706
ID2,0.009783681833390368,707
KLF5,0.009766546379958939,708
ZIC1,0.009748099633911529,709
GADL1,0.009739422959313359,710
RIT2,0.009721230987415598,711
LIF,0.009712653146107942,712
SLC22A3,0.009681145225982143,713
SLC22A8,0.009664843884534391,714
DAPK1,0.00963593349437631,715
HSPA4L,0.009619858013047558,716
KCNK13,0.009544874417346394,717
GRIP1,0.009515517294846168,718
GRM3,0.009453621714600747,719
DPP4,0.009372550042470564,720
ABCA9,0.009316036288255126,721
MT-CO1,0.009313651235745348,722
IER3,0.00929353931599813,723
TIAM1,0.009269266158938173,724
LDLR,0.00926612237557783,725
ROBO2,0.009232033654065922,726
GABRQ,0.00920620829722304,727
CSF3,0.009198666112673854,728
AIM2,0.009193653975121284,729
ISG15,0.009159740508096228,730
IL33,0.00913211559336361,731
SMAD9,0.009083703660273605,732
IGHG1,0.009047034612650287,733
DIAPH3,0.008994352983265036,734
WHRN,0.008979455608463846,735
TPO,0.008966557274225889,736
HS6ST3,0.008959129169624122,737
IL1RAP,0.008886138571857922,738
SPTLC3,0.008799688916079879,739
TBL1X,0.008747843072731416,740
FGF13,0.008731209618166478,741
IGLC2,0.008729162006880783,742
HHAT,0.008727003334689667,743
ATP1B3,0.008722696548898127,744
ADIRF,0.00868340229386587,745
EGFR,0.008661666943283802,746
RELN,0.008615837985440852,747
DNAJA4,0.008592311443103113,748
CACNA2D1,0.008583469135875833,749
MITF,0.008521490415786502,750
SNRPN,0.008430214514714741,751
AQP9,0.00835555176240149,752
RNF152,0.008333746580533385,753
DYSF,0.008314978784606764,754
ELL2,0.008287232522387425,755
DUSP1,0.00814886578141699,756
LRP2,0.008129501598012125,757
SLC25A21,0.008080914250624781,758
MT-ND3,0.007878189101604384,759
CHRNA7,0.0078647957989421,760
EREG,0.007857207155064334,761
KAZN,0.007825331313145669,762
IGF2BP2,0.007809036484784115,763
GALNTL6,0.007779344491268466,764
CRISPLD2,0.007690711722387509,765
ETV6,0.007688637359086285,766
IGKC,0.007674595428542842,767
XYLT1,0.007614483279615331,768
FOS,0.007551193164757902,769
PRKG2,0.00753696093684646,770
HMGCS1,0.007507129123146725,771
IL1R1,0.007491428823385941,772
CDH12,0.007448880731471893,773
PLCG2,0.007403363875487216,774
ITGA8,0.00734533541848329,775
ICAM1,0.007257725087364666,776
MT1M,0.007129239704506542,777
EYA4,0.0071169325880817355,778
MT-ND2,0.007032852571492678,779
AREG,0.007029596858914697,780
OCA2,0.007000642597226621,781
GRM5,0.006992051067997076,782
MAML3,0.0069905332377779815,783
SERPINH1,0.006970733246593086,784
PCDH7,0.006951534419917952,785
CCL20,0.006940097372886079,786
HDAC9,0.006822397662540177,787
SGCZ,0.006722999170950567,788
SLC9A9,0.006721047842098418,789
RNF220,0.0066978424480129,790
DPYD,0.006605899374734942,791
ELN,0.006568092738448116,792
AQP1,0.006561177715346878,793
IL1R2,0.006539220461231256,794
LMCD1,0.006502366630049124,795
STMN2,0.006421292513901407,796
KCNB2,0.006399639737589693,797
PAX3,0.006326498804307285,798
MT2A,0.006326460155990847,799
KCNE1,0.006319271643380087,800
PDE3B,0.006301503645622109,801
HSD17B12,0.006289880583137019,802
GABRG3,0.0062641034034614145,803
CA1,0.00617794350279054,804
CRYAB,0.006123897971649916,805
SNTB1,0.006122581185892022,806
PPM1E,0.006112883501655503,807
MX1,0.00606560067315234,808
WIF1,0.005995710943444154,809
AOX1,0.00598502904772499,810
SNCAIP,0.005961741454292671,811
CD53,0.005924139939238479,812
THSD7B,0.005894185941001144,813
PLEKHG1,0.005842927694095562,814
RARB,0.00579694976513449,815
SPTA1,0.005722788123474047,816
RXFP1,0.005711792827665855,817
FYN,0.005683842549748601,818
ARHGAP22,0.005649298178872218,819
TCF7L1,0.00564549355536963,820
HS6ST2,0.005545060123870455,821
GALNT14,0.005536502992917729,822
CDH9,0.005491449418174102,823
FLT3,0.005381962951453501,824
TNS3,0.00537468878386933,825
PPEF1,0.0053168574220023666,826
HS3ST4,0.005284987941385005,827
IGFBP7,0.0052456106057164305,828
KCNQ3,0.005198863131830823,829
ACAN,0.005185959153408324,830
SEMA6A,0.005142903784648861,831
CNTN1,0.005119551191503405,832
SEMA5A,0.005035998655827478,833
TBXAS1,0.00502127564842111,834
CYCS,0.004973927932200748,835
SLC24A4,0.0049427157171632865,836
TTR,0.0049083717613489005,837
HS3ST2,0.004892973543864314,838
ZFPM2,0.004872095563936633,839
CACNA2D3,0.004783185365800288,840
ITPR2,0.0047805891379947224,841
SFRP2,0.004707391019485801,842
HBA1,0.004699668130158219,843
CCK,0.0045057717817446495,844
SLC27A6,0.004493402240568494,845
HCN1,0.00438641868244182,846
CXCL10,0.004368224505361673,847
ALDH1A2,0.004364130014711807,848
NLGN1,0.004293257238254972,849
CENPE,0.0042602221599399494,850
NAMPT,0.00411444410145795,851
APOD,0.004095840144279747,852
GFRA1,0.004089606394251259,853
DEPDC1B,0.004080250627350224,854
BARD1,0.004074789399359359,855
CXCL11,0.004018288418862953,856
TRPC6,0.003958701947277729,857
ADAMTS12,0.0038899639188264452,858
DOCK10,0.0037563692833169054,859
PLCB4,0.003751135438228116,860
LIMK2,0.003730129947917389,861
GBE1,0.0037043617943183717,862
BCL11B,0.0036620101658959864,863
RGS6,0.0036172054742177207,864
NPAS4,0.0036134790653954197,865
NIPAL1,0.0035444311942874327,866
GRIN2A,0.0035436198874181633,867
EEF1A1,0.0035198122822661087,868
HTR7,0.0034893665650212974,869
HSPA1A,0.0034834440260294243,870
PDLIM5,0.003470601112077488,871
FLNA,0.0034689172211668107,872
ABCA1,0.0034459772679647648,873
COL11A1,0.0034408800464623425,874
COL23A1,0.0034174299726269708,875
EPHA6,0.0033966401468579228,876
GPNMB,0.003373323822068027,877
FTH1,0.0033397953424301858,878
GNAL,0.003259110438483226,879
PLXNA4,0.0031992152574990577,880
NDRG1,0.0031551414388095193,881
CCL5,0.003065045867487576,882
DGKB,0.00305372506439591,883
FOSB,0.003010565031262246,884
THSD4,0.0030014953745892206,885
ALAS2,0.002980163561990495,886
MAFB,0.0029725690918027056,887
SULT1E1,0.002972173526187079,888
ST6GALNAC5,0.0029386979368538845,889
EYA1,0.002927126803150009,890
HOXD3,0.002864525913656738,891
SLN,0.002844616932343539,892
SLC2A3,0.0027934096449848023,893
GPC5,0.0027746979506817642,894
KCNQ5,0.0027278049530818295,895
IL7,0.002677497244088864,896
EPHA5,0.002554403057908305,897
CNR1,0.002519215591448478,898
CACNA1E,0.0024932145495605673,899
PDE4B,0.002476093112916008,900
SPOCD1,0.00243501841247628,901
HPGD,0.0024254419387877324,902
SLC47A1,0.002349011787965906,903
SLC7A11,0.0022443459155244787,904
CD96,0.002235385888831176,905
TRPC4,0.0022304719606573357,906
OSBPL10,0.002182801325229218,907
ATP2C2,0.0021753806271616345,908
NGF,0.002156092031757879,909
BMX,0.0021413872015927328,910
ARHGAP28,0.0021375759955011746,911
BIRC3,0.0021053514510250932,912
RASGRP1,0.0020937160154226478,913
SV2C,0.002067371064684056,914
SLC44A5,0.0020454314559623537,915
ENPEP,0.0019949675520415018,916
IL1RAPL2,0.0019398924883588812,917
NRXN3,0.001860621119645533,918
GAP43,0.0018456974852837642,919
ENPP1,0.0018341672831696184,920
CCL3L1,0.0018094068259416525,921
CHRM3,0.0018048520293731688,922
DCC,0.0017660549704882867,923
IGHG3,0.001760974432083499,924
HJV,0.0017422126725020594,925
PDE4D,0.0017210042246064044,926
HSPA6,0.001709854968962208,927
EZH2,0.0016703554821705022,928
RHOBTB3,0.0016201434358244344,929
CYP1B1,0.0015795823366999502,930
MMP3,0.001542136593044576,931
CA12,0.0014529667404698896,932
FN1,0.0014205072129610619,933
PRKCA,0.0013934604428339718,934
SLC4A1,0.0013678399002959936,935
PRF1,0.001317540158254447,936
TAC3,0.001290626640747676,937
GALNT13,0.0012794160643508949,938
TGFBI,0.0012477867863934474,939
DIO2,0.001233201609990273,940
SYT2,0.0011804523114550558,941
GAL,0.0011495920807225006,942
KCNH5,0.0011147357989509772,943
VAV3,0.0010850419127026746,944
TLL2,0.0010423100987793912,945
MT-ND4,0.001033015926103733,946
GPRC5A,0.0009860603563675281,947
SRGAP1,0.0009421002760135376,948
KCNN2,0.0009137504860705042,949
THBS1,0.0008509494514320259,950
DGKH,0.0008057653445319959,951
SEMA6D,0.0008049373405808653,952
RORB,0.0007944218169978108,953
EGR3,0.0007832683570976721,954
COL27A1,0.0006759326186000811,955
FTL,0.0006176524533623098,956
CAMK4,0.0005971075167002072,957
KCNH8,0.0005629448329787974,958
CRTAM,0.0004881615860657742,959
LEPR,0.0004823931083480795,960
ACTA2,0.0004705178611272464,961
SLCO2A1,0.00043752504610842835,962
ARHGAP6,0.0004185919950641218,963
LHX1,0.00038278757215985817,964
B2M,0.0003504375143674733,965
HCRTR2,0.00033510408844076764,966
DLGAP2,0.0003052121758891349,967
LRRTM4,0.0003012919079993504,968
MEIS1,0.0002541396094503777,969
RXFP2,0.00020035339952818211,970
COL24A1,0.00019909735559594835,971
IL16,0.0001755629190189133,972
NFIA,0.00017107268654364667,973
PLAGL1,0.00012855652679951286,974
ABCA4,5.584444525154833e-05,975
FGF14,3.266574733240509e-06,976
